price,product,supermarket,link,name
1.45,aceite de girasol,carrefour,https://www.carrefour.es/?q=aceite de girasol&page=2,Sardinillas en aceite de girasol Cabo de Peñas 62 g
1.39,aceite de girasol,carrefour,https://www.carrefour.es/?q=aceite de girasol&page=2,Sardinillas en aceite de girasol Cabo de Peñas 62 g
2.19,aceite de girasol,carrefour,https://www.carrefour.es/?q=aceite de girasol&page=2,Sardinillas en aceite de girasol Cabo de Peñas 62 g
2.39,aceite de girasol,carrefour,https://www.carrefour.es/?q=aceite de girasol&page=2,Sardinillas en aceite de girasol Cabo de Peñas 62 g
2.49,aceite de girasol,carrefour,https://www.carrefour.es/?q=aceite de girasol&page=2,Sardinillas en aceite de girasol Cabo de Peñas 62 g
2.38,aceite de girasol,carrefour,https://www.carrefour.es/?q=aceite de girasol&page=2,Sardinillas en aceite de girasol Cabo de Peñas 62 g
1.63,aceite de girasol,carrefour,https://www.carrefour.es/?q=aceite de girasol&page=2,Sardinillas en aceite de girasol Cabo de Peñas 62 g
1.75,aceite de girasol,carrefour,https://www.carrefour.es/?q=aceite de girasol&page=2,Sardinillas en aceite de girasol Cabo de Peñas 62 g
12.47,aceite de girasol,carrefour,https://www.carrefour.es/?q=aceite de girasol&page=2,Sardinillas en aceite de girasol Cabo de Peñas 62 g
1.68,aceite de girasol,carrefour,https://www.carrefour.es/?q=aceite de girasol&page=2,Sardinillas en aceite de girasol Cabo de Peñas 62 g
2.09,aceite de girasol,carrefour,https://www.carrefour.es/?q=aceite de girasol&page=2,Sardinillas en aceite de girasol Cabo de Peñas 62 g
2.06,aceite de girasol,carrefour,https://www.carrefour.es/?q=aceite de girasol&page=2,Sardinillas en aceite de girasol Cabo de Peñas 62 g
9.58,aceite de girasol,carrefour,https://www.carrefour.es/?q=aceite de girasol&page=2,Sardinillas en aceite de girasol Cabo de Peñas 62 g
2.2,aceite de girasol,carrefour,https://www.carrefour.es/?q=aceite de girasol&page=2,Sardinillas en aceite de girasol Cabo de Peñas 62 g
2.47,aceite de girasol,carrefour,https://www.carrefour.es/?q=aceite de girasol&page=2,Sardinillas en aceite de girasol Cabo de Peñas 62 g
8.08,aceite de girasol,carrefour,https://www.carrefour.es/?q=aceite de girasol&page=2,Sardinillas en aceite de girasol Cabo de Peñas 62 g
9.96,aceite de girasol,carrefour,https://www.carrefour.es/?q=aceite de girasol&page=2,Sardinillas en aceite de girasol Cabo de Peñas 62 g
23.09,aceite de girasol,carrefour,https://www.carrefour.es/?q=aceite de girasol&page=2,Sardinillas en aceite de girasol Cabo de Peñas 62 g
8.46,aceite de girasol,carrefour,https://www.carrefour.es/?q=aceite de girasol&page=2,Sardinillas en aceite de girasol Cabo de Peñas 62 g
9.29,aceite de girasol,carrefour,https://www.carrefour.es/?q=aceite de girasol&page=2,Sardinillas en aceite de girasol Cabo de Peñas 62 g
13.41,aceite de girasol,carrefour,https://www.carrefour.es/?q=aceite de girasol&page=2,Sardinillas en aceite de girasol Cabo de Peñas 62 g
15.97,aceite de girasol,carrefour,https://www.carrefour.es/?q=aceite de girasol&page=2,Sardinillas en aceite de girasol Cabo de Peñas 62 g
10.91,aceite de girasol,carrefour,https://www.carrefour.es/?q=aceite de girasol&page=2,Sardinillas en aceite de girasol Cabo de Peñas 62 g
17.67,aceite de girasol,carrefour,https://www.carrefour.es/?q=aceite de girasol&page=2,Sardinillas en aceite de girasol Cabo de Peñas 62 g
11.1,aceite de girasol,carrefour,https://www.carrefour.es/?q=aceite de girasol&page=2,Sardinillas en aceite de girasol Cabo de Peñas 62 g
13.77,aceite de girasol,carrefour,https://www.carrefour.es/?q=aceite de girasol&page=2,Sardinillas en aceite de girasol Cabo de Peñas 62 g
11.43,aceite de girasol,carrefour,https://www.carrefour.es/?q=aceite de girasol&page=2,Sardinillas en aceite de girasol Cabo de Peñas 62 g
6.9,aceite de girasol,carrefour,https://www.carrefour.es/?q=aceite de girasol&page=2,Sardinillas en aceite de girasol Cabo de Peñas 62 g
19.5,aceite de girasol,carrefour,https://www.carrefour.es/?q=aceite de girasol&page=2,Sardinillas en aceite de girasol Cabo de Peñas 62 g
14.74,aceite de girasol,carrefour,https://www.carrefour.es/?q=aceite de girasol&page=2,Sardinillas en aceite de girasol Cabo de Peñas 62 g
8.0,aceite de girasol,carrefour,https://www.carrefour.es/?q=aceite de girasol&page=2,Sardinillas en aceite de girasol Cabo de Peñas 62 g
4.3,aceite de girasol,carrefour,https://www.carrefour.es/?q=aceite de girasol&page=2,Sardinillas en aceite de girasol Cabo de Peñas 62 g
9.74,aceite de girasol,carrefour,https://www.carrefour.es/?q=aceite de girasol&page=2,Sardinillas en aceite de girasol Cabo de Peñas 62 g
0.02,aceite de girasol,carrefour,https://www.carrefour.es/?q=aceite de girasol&page=2,Sardinillas en aceite de girasol Cabo de Peñas 62 g
21.42,aceite de girasol,carrefour,https://www.carrefour.es/?q=aceite de girasol&page=2,Sardinillas en aceite de girasol Cabo de Peñas 62 g
24.62,aceite de girasol,carrefour,https://www.carrefour.es/?q=aceite de girasol&page=2,Sardinillas en aceite de girasol Cabo de Peñas 62 g
9.94,aceite de girasol,carrefour,https://www.carrefour.es/?q=aceite de girasol&page=2,Sardinillas en aceite de girasol Cabo de Peñas 62 g
10.38,aceite de girasol,carrefour,https://www.carrefour.es/?q=aceite de girasol&page=2,Sardinillas en aceite de girasol Cabo de Peñas 62 g
1.78,aceite de girasol,carrefour,https://www.carrefour.es/?q=aceite de girasol&page=2,Sardinillas en aceite de girasol Cabo de Peñas 62 g
18.97,aceite de girasol,carrefour,https://www.carrefour.es/?q=aceite de girasol&page=2,Sardinillas en aceite de girasol Cabo de Peñas 62 g
2.05,aceite de girasol,carrefour,https://www.carrefour.es/?q=aceite de girasol&page=2,Sardinillas en aceite de girasol Cabo de Peñas 62 g
13.85,aceite de girasol,carrefour,https://www.carrefour.es/?q=aceite de girasol&page=2,Sardinillas en aceite de girasol Cabo de Peñas 62 g
12.5,aceite de girasol,carrefour,https://www.carrefour.es/?q=aceite de girasol&page=2,Sardinillas en aceite de girasol Cabo de Peñas 62 g
21.76,aceite de girasol,carrefour,https://www.carrefour.es/?q=aceite de girasol&page=2,Sardinillas en aceite de girasol Cabo de Peñas 62 g
0.02,aceite de girasol,carrefour,https://www.carrefour.es/?q=aceite de girasol&page=2,Sardinillas en aceite de girasol Cabo de Peñas 62 g
47.08,aceite de girasol,carrefour,https://www.carrefour.es/?q=aceite de girasol&page=2,Sardinillas en aceite de girasol Cabo de Peñas 62 g
17.69,aceite de girasol,carrefour,https://www.carrefour.es/?q=aceite de girasol&page=2,Sardinillas en aceite de girasol Cabo de Peñas 62 g
19.08,aceite de girasol,carrefour,https://www.carrefour.es/?q=aceite de girasol&page=2,Sardinillas en aceite de girasol Cabo de Peñas 62 g
1.45,aceite de girasol,carrefour,https://www.carrefour.es/?q=aceite de girasol&page=3,Sardinillas en aceite de girasol Cabo de Peñas 62 g
1.39,aceite de girasol,carrefour,https://www.carrefour.es/?q=aceite de girasol&page=3,Sardinillas en aceite de girasol Cabo de Peñas 62 g
2.19,aceite de girasol,carrefour,https://www.carrefour.es/?q=aceite de girasol&page=3,Sardinillas en aceite de girasol Cabo de Peñas 62 g
2.39,aceite de girasol,carrefour,https://www.carrefour.es/?q=aceite de girasol&page=3,Sardinillas en aceite de girasol Cabo de Peñas 62 g
2.49,aceite de girasol,carrefour,https://www.carrefour.es/?q=aceite de girasol&page=3,Sardinillas en aceite de girasol Cabo de Peñas 62 g
2.38,aceite de girasol,carrefour,https://www.carrefour.es/?q=aceite de girasol&page=3,Sardinillas en aceite de girasol Cabo de Peñas 62 g
1.63,aceite de girasol,carrefour,https://www.carrefour.es/?q=aceite de girasol&page=3,Sardinillas en aceite de girasol Cabo de Peñas 62 g
1.75,aceite de girasol,carrefour,https://www.carrefour.es/?q=aceite de girasol&page=3,Sardinillas en aceite de girasol Cabo de Peñas 62 g
12.47,aceite de girasol,carrefour,https://www.carrefour.es/?q=aceite de girasol&page=3,Sardinillas en aceite de girasol Cabo de Peñas 62 g
1.68,aceite de girasol,carrefour,https://www.carrefour.es/?q=aceite de girasol&page=3,Sardinillas en aceite de girasol Cabo de Peñas 62 g
2.09,aceite de girasol,carrefour,https://www.carrefour.es/?q=aceite de girasol&page=3,Sardinillas en aceite de girasol Cabo de Peñas 62 g
2.06,aceite de girasol,carrefour,https://www.carrefour.es/?q=aceite de girasol&page=3,Sardinillas en aceite de girasol Cabo de Peñas 62 g
9.58,aceite de girasol,carrefour,https://www.carrefour.es/?q=aceite de girasol&page=3,Sardinillas en aceite de girasol Cabo de Peñas 62 g
2.2,aceite de girasol,carrefour,https://www.carrefour.es/?q=aceite de girasol&page=3,Sardinillas en aceite de girasol Cabo de Peñas 62 g
2.47,aceite de girasol,carrefour,https://www.carrefour.es/?q=aceite de girasol&page=3,Sardinillas en aceite de girasol Cabo de Peñas 62 g
8.08,aceite de girasol,carrefour,https://www.carrefour.es/?q=aceite de girasol&page=3,Sardinillas en aceite de girasol Cabo de Peñas 62 g
9.96,aceite de girasol,carrefour,https://www.carrefour.es/?q=aceite de girasol&page=3,Sardinillas en aceite de girasol Cabo de Peñas 62 g
23.09,aceite de girasol,carrefour,https://www.carrefour.es/?q=aceite de girasol&page=3,Sardinillas en aceite de girasol Cabo de Peñas 62 g
8.46,aceite de girasol,carrefour,https://www.carrefour.es/?q=aceite de girasol&page=3,Sardinillas en aceite de girasol Cabo de Peñas 62 g
9.29,aceite de girasol,carrefour,https://www.carrefour.es/?q=aceite de girasol&page=3,Sardinillas en aceite de girasol Cabo de Peñas 62 g
13.41,aceite de girasol,carrefour,https://www.carrefour.es/?q=aceite de girasol&page=3,Sardinillas en aceite de girasol Cabo de Peñas 62 g
15.97,aceite de girasol,carrefour,https://www.carrefour.es/?q=aceite de girasol&page=3,Sardinillas en aceite de girasol Cabo de Peñas 62 g
10.91,aceite de girasol,carrefour,https://www.carrefour.es/?q=aceite de girasol&page=3,Sardinillas en aceite de girasol Cabo de Peñas 62 g
17.67,aceite de girasol,carrefour,https://www.carrefour.es/?q=aceite de girasol&page=3,Sardinillas en aceite de girasol Cabo de Peñas 62 g
11.1,aceite de girasol,carrefour,https://www.carrefour.es/?q=aceite de girasol&page=3,Sardinillas en aceite de girasol Cabo de Peñas 62 g
13.77,aceite de girasol,carrefour,https://www.carrefour.es/?q=aceite de girasol&page=3,Sardinillas en aceite de girasol Cabo de Peñas 62 g
11.43,aceite de girasol,carrefour,https://www.carrefour.es/?q=aceite de girasol&page=3,Sardinillas en aceite de girasol Cabo de Peñas 62 g
6.9,aceite de girasol,carrefour,https://www.carrefour.es/?q=aceite de girasol&page=3,Sardinillas en aceite de girasol Cabo de Peñas 62 g
19.5,aceite de girasol,carrefour,https://www.carrefour.es/?q=aceite de girasol&page=3,Sardinillas en aceite de girasol Cabo de Peñas 62 g
14.74,aceite de girasol,carrefour,https://www.carrefour.es/?q=aceite de girasol&page=3,Sardinillas en aceite de girasol Cabo de Peñas 62 g
8.0,aceite de girasol,carrefour,https://www.carrefour.es/?q=aceite de girasol&page=3,Sardinillas en aceite de girasol Cabo de Peñas 62 g
4.3,aceite de girasol,carrefour,https://www.carrefour.es/?q=aceite de girasol&page=3,Sardinillas en aceite de girasol Cabo de Peñas 62 g
9.74,aceite de girasol,carrefour,https://www.carrefour.es/?q=aceite de girasol&page=3,Sardinillas en aceite de girasol Cabo de Peñas 62 g
0.02,aceite de girasol,carrefour,https://www.carrefour.es/?q=aceite de girasol&page=3,Sardinillas en aceite de girasol Cabo de Peñas 62 g
21.42,aceite de girasol,carrefour,https://www.carrefour.es/?q=aceite de girasol&page=3,Sardinillas en aceite de girasol Cabo de Peñas 62 g
24.62,aceite de girasol,carrefour,https://www.carrefour.es/?q=aceite de girasol&page=3,Sardinillas en aceite de girasol Cabo de Peñas 62 g
9.94,aceite de girasol,carrefour,https://www.carrefour.es/?q=aceite de girasol&page=3,Sardinillas en aceite de girasol Cabo de Peñas 62 g
10.38,aceite de girasol,carrefour,https://www.carrefour.es/?q=aceite de girasol&page=3,Sardinillas en aceite de girasol Cabo de Peñas 62 g
1.78,aceite de girasol,carrefour,https://www.carrefour.es/?q=aceite de girasol&page=3,Sardinillas en aceite de girasol Cabo de Peñas 62 g
18.97,aceite de girasol,carrefour,https://www.carrefour.es/?q=aceite de girasol&page=3,Sardinillas en aceite de girasol Cabo de Peñas 62 g
2.05,aceite de girasol,carrefour,https://www.carrefour.es/?q=aceite de girasol&page=3,Sardinillas en aceite de girasol Cabo de Peñas 62 g
13.85,aceite de girasol,carrefour,https://www.carrefour.es/?q=aceite de girasol&page=3,Sardinillas en aceite de girasol Cabo de Peñas 62 g
12.5,aceite de girasol,carrefour,https://www.carrefour.es/?q=aceite de girasol&page=3,Sardinillas en aceite de girasol Cabo de Peñas 62 g
21.76,aceite de girasol,carrefour,https://www.carrefour.es/?q=aceite de girasol&page=3,Sardinillas en aceite de girasol Cabo de Peñas 62 g
0.02,aceite de girasol,carrefour,https://www.carrefour.es/?q=aceite de girasol&page=3,Sardinillas en aceite de girasol Cabo de Peñas 62 g
47.08,aceite de girasol,carrefour,https://www.carrefour.es/?q=aceite de girasol&page=3,Sardinillas en aceite de girasol Cabo de Peñas 62 g
17.69,aceite de girasol,carrefour,https://www.carrefour.es/?q=aceite de girasol&page=3,Sardinillas en aceite de girasol Cabo de Peñas 62 g
19.08,aceite de girasol,carrefour,https://www.carrefour.es/?q=aceite de girasol&page=3,Sardinillas en aceite de girasol Cabo de Peñas 62 g
3.65,aceite de oliva,carrefour,https://www.carrefour.es/?q=aceite de oliva&page=2,Aceite de oliva virgen extra intenso Coosur 1 l
3.6,aceite de oliva,carrefour,https://www.carrefour.es/?q=aceite de oliva&page=2,Aceite de oliva virgen extra intenso Coosur 1 l
4.15,aceite de oliva,carrefour,https://www.carrefour.es/?q=aceite de oliva&page=2,Aceite de oliva virgen extra intenso Coosur 1 l
3.65,aceite de oliva,carrefour,https://www.carrefour.es/?q=aceite de oliva&page=2,Aceite de oliva virgen extra intenso Coosur 1 l
4.89,aceite de oliva,carrefour,https://www.carrefour.es/?q=aceite de oliva&page=2,Aceite de oliva virgen extra intenso Coosur 1 l
3.6,aceite de oliva,carrefour,https://www.carrefour.es/?q=aceite de oliva&page=2,Aceite de oliva virgen extra intenso Coosur 1 l
3.69,aceite de oliva,carrefour,https://www.carrefour.es/?q=aceite de oliva&page=2,Aceite de oliva virgen extra intenso Coosur 1 l
4.59,aceite de oliva,carrefour,https://www.carrefour.es/?q=aceite de oliva&page=2,Aceite de oliva virgen extra intenso Coosur 1 l
3.8,aceite de oliva,carrefour,https://www.carrefour.es/?q=aceite de oliva&page=2,Aceite de oliva virgen extra intenso Coosur 1 l
3.39,aceite de oliva,carrefour,https://www.carrefour.es/?q=aceite de oliva&page=2,Aceite de oliva virgen extra intenso Coosur 1 l
10.75,aceite de oliva,carrefour,https://www.carrefour.es/?q=aceite de oliva&page=2,Aceite de oliva virgen extra intenso Coosur 1 l
4.92,aceite de oliva,carrefour,https://www.carrefour.es/?q=aceite de oliva&page=2,Aceite de oliva virgen extra intenso Coosur 1 l
4.59,aceite de oliva,carrefour,https://www.carrefour.es/?q=aceite de oliva&page=2,Aceite de oliva virgen extra intenso Coosur 1 l
2.05,aceite de oliva,carrefour,https://www.carrefour.es/?q=aceite de oliva&page=2,Aceite de oliva virgen extra intenso Coosur 1 l
3.99,aceite de oliva,carrefour,https://www.carrefour.es/?q=aceite de oliva&page=2,Aceite de oliva virgen extra intenso Coosur 1 l
5.99,aceite de oliva,carrefour,https://www.carrefour.es/?q=aceite de oliva&page=2,Aceite de oliva virgen extra intenso Coosur 1 l
5.4,aceite de oliva,carrefour,https://www.carrefour.es/?q=aceite de oliva&page=2,Aceite de oliva virgen extra intenso Coosur 1 l
5.99,aceite de oliva,carrefour,https://www.carrefour.es/?q=aceite de oliva&page=2,Aceite de oliva virgen extra intenso Coosur 1 l
4.3,aceite de oliva,carrefour,https://www.carrefour.es/?q=aceite de oliva&page=2,Aceite de oliva virgen extra intenso Coosur 1 l
6.39,aceite de oliva,carrefour,https://www.carrefour.es/?q=aceite de oliva&page=2,Aceite de oliva virgen extra intenso Coosur 1 l
5.99,aceite de oliva,carrefour,https://www.carrefour.es/?q=aceite de oliva&page=2,Aceite de oliva virgen extra intenso Coosur 1 l
4.99,aceite de oliva,carrefour,https://www.carrefour.es/?q=aceite de oliva&page=2,Aceite de oliva virgen extra intenso Coosur 1 l
5.98,aceite de oliva,carrefour,https://www.carrefour.es/?q=aceite de oliva&page=2,Aceite de oliva virgen extra intenso Coosur 1 l
5.0,aceite de oliva,carrefour,https://www.carrefour.es/?q=aceite de oliva&page=2,Aceite de oliva virgen extra intenso Coosur 1 l
4.89,aceite de oliva,carrefour,https://www.carrefour.es/?q=aceite de oliva&page=2,Aceite de oliva virgen extra intenso Coosur 1 l
5.95,aceite de oliva,carrefour,https://www.carrefour.es/?q=aceite de oliva&page=2,Aceite de oliva virgen extra intenso Coosur 1 l
5.99,aceite de oliva,carrefour,https://www.carrefour.es/?q=aceite de oliva&page=2,Aceite de oliva virgen extra intenso Coosur 1 l
5.99,aceite de oliva,carrefour,https://www.carrefour.es/?q=aceite de oliva&page=2,Aceite de oliva virgen extra intenso Coosur 1 l
13.45,aceite de oliva,carrefour,https://www.carrefour.es/?q=aceite de oliva&page=2,Aceite de oliva virgen extra intenso Coosur 1 l
4.65,aceite de oliva,carrefour,https://www.carrefour.es/?q=aceite de oliva&page=2,Aceite de oliva virgen extra intenso Coosur 1 l
5.3,aceite de oliva,carrefour,https://www.carrefour.es/?q=aceite de oliva&page=2,Aceite de oliva virgen extra intenso Coosur 1 l
5.15,aceite de oliva,carrefour,https://www.carrefour.es/?q=aceite de oliva&page=2,Aceite de oliva virgen extra intenso Coosur 1 l
4.07,aceite de oliva,carrefour,https://www.carrefour.es/?q=aceite de oliva&page=2,Aceite de oliva virgen extra intenso Coosur 1 l
3.89,aceite de oliva,carrefour,https://www.carrefour.es/?q=aceite de oliva&page=2,Aceite de oliva virgen extra intenso Coosur 1 l
7.19,aceite de oliva,carrefour,https://www.carrefour.es/?q=aceite de oliva&page=2,Aceite de oliva virgen extra intenso Coosur 1 l
8.47,aceite de oliva,carrefour,https://www.carrefour.es/?q=aceite de oliva&page=2,Aceite de oliva virgen extra intenso Coosur 1 l
8.4,aceite de oliva,carrefour,https://www.carrefour.es/?q=aceite de oliva&page=2,Aceite de oliva virgen extra intenso Coosur 1 l
5.69,aceite de oliva,carrefour,https://www.carrefour.es/?q=aceite de oliva&page=2,Aceite de oliva virgen extra intenso Coosur 1 l
5.0,aceite de oliva,carrefour,https://www.carrefour.es/?q=aceite de oliva&page=2,Aceite de oliva virgen extra intenso Coosur 1 l
9.16,aceite de oliva,carrefour,https://www.carrefour.es/?q=aceite de oliva&page=2,Aceite de oliva virgen extra intenso Coosur 1 l
9.98,aceite de oliva,carrefour,https://www.carrefour.es/?q=aceite de oliva&page=2,Aceite de oliva virgen extra intenso Coosur 1 l
6.98,aceite de oliva,carrefour,https://www.carrefour.es/?q=aceite de oliva&page=2,Aceite de oliva virgen extra intenso Coosur 1 l
4.95,aceite de oliva,carrefour,https://www.carrefour.es/?q=aceite de oliva&page=2,Aceite de oliva virgen extra intenso Coosur 1 l
4.85,aceite de oliva,carrefour,https://www.carrefour.es/?q=aceite de oliva&page=2,Aceite de oliva virgen extra intenso Coosur 1 l
3.65,aceite de oliva,carrefour,https://www.carrefour.es/?q=aceite de oliva&page=3,Aceite de oliva virgen extra intenso Coosur 1 l
3.6,aceite de oliva,carrefour,https://www.carrefour.es/?q=aceite de oliva&page=3,Aceite de oliva virgen extra intenso Coosur 1 l
4.15,aceite de oliva,carrefour,https://www.carrefour.es/?q=aceite de oliva&page=3,Aceite de oliva virgen extra intenso Coosur 1 l
3.65,aceite de oliva,carrefour,https://www.carrefour.es/?q=aceite de oliva&page=3,Aceite de oliva virgen extra intenso Coosur 1 l
4.89,aceite de oliva,carrefour,https://www.carrefour.es/?q=aceite de oliva&page=3,Aceite de oliva virgen extra intenso Coosur 1 l
3.6,aceite de oliva,carrefour,https://www.carrefour.es/?q=aceite de oliva&page=3,Aceite de oliva virgen extra intenso Coosur 1 l
3.69,aceite de oliva,carrefour,https://www.carrefour.es/?q=aceite de oliva&page=3,Aceite de oliva virgen extra intenso Coosur 1 l
4.59,aceite de oliva,carrefour,https://www.carrefour.es/?q=aceite de oliva&page=3,Aceite de oliva virgen extra intenso Coosur 1 l
3.8,aceite de oliva,carrefour,https://www.carrefour.es/?q=aceite de oliva&page=3,Aceite de oliva virgen extra intenso Coosur 1 l
3.39,aceite de oliva,carrefour,https://www.carrefour.es/?q=aceite de oliva&page=3,Aceite de oliva virgen extra intenso Coosur 1 l
10.75,aceite de oliva,carrefour,https://www.carrefour.es/?q=aceite de oliva&page=3,Aceite de oliva virgen extra intenso Coosur 1 l
4.92,aceite de oliva,carrefour,https://www.carrefour.es/?q=aceite de oliva&page=3,Aceite de oliva virgen extra intenso Coosur 1 l
4.59,aceite de oliva,carrefour,https://www.carrefour.es/?q=aceite de oliva&page=3,Aceite de oliva virgen extra intenso Coosur 1 l
2.05,aceite de oliva,carrefour,https://www.carrefour.es/?q=aceite de oliva&page=3,Aceite de oliva virgen extra intenso Coosur 1 l
3.99,aceite de oliva,carrefour,https://www.carrefour.es/?q=aceite de oliva&page=3,Aceite de oliva virgen extra intenso Coosur 1 l
5.99,aceite de oliva,carrefour,https://www.carrefour.es/?q=aceite de oliva&page=3,Aceite de oliva virgen extra intenso Coosur 1 l
5.4,aceite de oliva,carrefour,https://www.carrefour.es/?q=aceite de oliva&page=3,Aceite de oliva virgen extra intenso Coosur 1 l
5.99,aceite de oliva,carrefour,https://www.carrefour.es/?q=aceite de oliva&page=3,Aceite de oliva virgen extra intenso Coosur 1 l
4.3,aceite de oliva,carrefour,https://www.carrefour.es/?q=aceite de oliva&page=3,Aceite de oliva virgen extra intenso Coosur 1 l
6.39,aceite de oliva,carrefour,https://www.carrefour.es/?q=aceite de oliva&page=3,Aceite de oliva virgen extra intenso Coosur 1 l
5.99,aceite de oliva,carrefour,https://www.carrefour.es/?q=aceite de oliva&page=3,Aceite de oliva virgen extra intenso Coosur 1 l
4.99,aceite de oliva,carrefour,https://www.carrefour.es/?q=aceite de oliva&page=3,Aceite de oliva virgen extra intenso Coosur 1 l
5.98,aceite de oliva,carrefour,https://www.carrefour.es/?q=aceite de oliva&page=3,Aceite de oliva virgen extra intenso Coosur 1 l
5.0,aceite de oliva,carrefour,https://www.carrefour.es/?q=aceite de oliva&page=3,Aceite de oliva virgen extra intenso Coosur 1 l
4.89,aceite de oliva,carrefour,https://www.carrefour.es/?q=aceite de oliva&page=3,Aceite de oliva virgen extra intenso Coosur 1 l
5.95,aceite de oliva,carrefour,https://www.carrefour.es/?q=aceite de oliva&page=3,Aceite de oliva virgen extra intenso Coosur 1 l
5.99,aceite de oliva,carrefour,https://www.carrefour.es/?q=aceite de oliva&page=3,Aceite de oliva virgen extra intenso Coosur 1 l
5.99,aceite de oliva,carrefour,https://www.carrefour.es/?q=aceite de oliva&page=3,Aceite de oliva virgen extra intenso Coosur 1 l
13.45,aceite de oliva,carrefour,https://www.carrefour.es/?q=aceite de oliva&page=3,Aceite de oliva virgen extra intenso Coosur 1 l
4.65,aceite de oliva,carrefour,https://www.carrefour.es/?q=aceite de oliva&page=3,Aceite de oliva virgen extra intenso Coosur 1 l
5.3,aceite de oliva,carrefour,https://www.carrefour.es/?q=aceite de oliva&page=3,Aceite de oliva virgen extra intenso Coosur 1 l
5.15,aceite de oliva,carrefour,https://www.carrefour.es/?q=aceite de oliva&page=3,Aceite de oliva virgen extra intenso Coosur 1 l
4.07,aceite de oliva,carrefour,https://www.carrefour.es/?q=aceite de oliva&page=3,Aceite de oliva virgen extra intenso Coosur 1 l
3.89,aceite de oliva,carrefour,https://www.carrefour.es/?q=aceite de oliva&page=3,Aceite de oliva virgen extra intenso Coosur 1 l
7.19,aceite de oliva,carrefour,https://www.carrefour.es/?q=aceite de oliva&page=3,Aceite de oliva virgen extra intenso Coosur 1 l
8.47,aceite de oliva,carrefour,https://www.carrefour.es/?q=aceite de oliva&page=3,Aceite de oliva virgen extra intenso Coosur 1 l
8.4,aceite de oliva,carrefour,https://www.carrefour.es/?q=aceite de oliva&page=3,Aceite de oliva virgen extra intenso Coosur 1 l
5.69,aceite de oliva,carrefour,https://www.carrefour.es/?q=aceite de oliva&page=3,Aceite de oliva virgen extra intenso Coosur 1 l
5.0,aceite de oliva,carrefour,https://www.carrefour.es/?q=aceite de oliva&page=3,Aceite de oliva virgen extra intenso Coosur 1 l
9.16,aceite de oliva,carrefour,https://www.carrefour.es/?q=aceite de oliva&page=3,Aceite de oliva virgen extra intenso Coosur 1 l
9.98,aceite de oliva,carrefour,https://www.carrefour.es/?q=aceite de oliva&page=3,Aceite de oliva virgen extra intenso Coosur 1 l
6.98,aceite de oliva,carrefour,https://www.carrefour.es/?q=aceite de oliva&page=3,Aceite de oliva virgen extra intenso Coosur 1 l
4.95,aceite de oliva,carrefour,https://www.carrefour.es/?q=aceite de oliva&page=3,Aceite de oliva virgen extra intenso Coosur 1 l
4.85,aceite de oliva,carrefour,https://www.carrefour.es/?q=aceite de oliva&page=3,Aceite de oliva virgen extra intenso Coosur 1 l
5.8,ajo,carrefour,https://www.carrefour.es/?q=ajo&page=2,Ajo pelado 100 g
4.7,ajo,carrefour,https://www.carrefour.es/?q=ajo&page=2,Ajo pelado 100 g
4.98,ajo,carrefour,https://www.carrefour.es/?q=ajo&page=2,Ajo pelado 100 g
9.8,ajo,carrefour,https://www.carrefour.es/?q=ajo&page=2,Ajo pelado 100 g
8.33,ajo,carrefour,https://www.carrefour.es/?q=ajo&page=2,Ajo pelado 100 g
28.2,ajo,carrefour,https://www.carrefour.es/?q=ajo&page=2,Ajo pelado 100 g
15.93,ajo,carrefour,https://www.carrefour.es/?q=ajo&page=2,Ajo pelado 100 g
6.83,ajo,carrefour,https://www.carrefour.es/?q=ajo&page=2,Ajo pelado 100 g
7.11,ajo,carrefour,https://www.carrefour.es/?q=ajo&page=2,Ajo pelado 100 g
28.17,ajo,carrefour,https://www.carrefour.es/?q=ajo&page=2,Ajo pelado 100 g
33.0,ajo,carrefour,https://www.carrefour.es/?q=ajo&page=2,Ajo pelado 100 g
13.9,ajo,carrefour,https://www.carrefour.es/?q=ajo&page=2,Ajo pelado 100 g
1.36,ajo,carrefour,https://www.carrefour.es/?q=ajo&page=2,Ajo pelado 100 g
46.94,ajo,carrefour,https://www.carrefour.es/?q=ajo&page=2,Ajo pelado 100 g
18.9,ajo,carrefour,https://www.carrefour.es/?q=ajo&page=2,Ajo pelado 100 g
83.17,ajo,carrefour,https://www.carrefour.es/?q=ajo&page=2,Ajo pelado 100 g
7.98,ajo,carrefour,https://www.carrefour.es/?q=ajo&page=2,Ajo pelado 100 g
18.9,ajo,carrefour,https://www.carrefour.es/?q=ajo&page=2,Ajo pelado 100 g
13.97,ajo,carrefour,https://www.carrefour.es/?q=ajo&page=2,Ajo pelado 100 g
39.8,ajo,carrefour,https://www.carrefour.es/?q=ajo&page=2,Ajo pelado 100 g
1.15,ajo,carrefour,https://www.carrefour.es/?q=ajo&page=2,Ajo pelado 100 g
0.59,ajo,carrefour,https://www.carrefour.es/?q=ajo&page=2,Ajo pelado 100 g
0.99,ajo,carrefour,https://www.carrefour.es/?q=ajo&page=2,Ajo pelado 100 g
2.7,ajo,carrefour,https://www.carrefour.es/?q=ajo&page=2,Ajo pelado 100 g
3.38,ajo,carrefour,https://www.carrefour.es/?q=ajo&page=2,Ajo pelado 100 g
0.96,ajo,carrefour,https://www.carrefour.es/?q=ajo&page=2,Ajo pelado 100 g
6.36,ajo,carrefour,https://www.carrefour.es/?q=ajo&page=2,Ajo pelado 100 g
5.31,ajo,carrefour,https://www.carrefour.es/?q=ajo&page=2,Ajo pelado 100 g
14.14,ajo,carrefour,https://www.carrefour.es/?q=ajo&page=2,Ajo pelado 100 g
3.81,ajo,carrefour,https://www.carrefour.es/?q=ajo&page=2,Ajo pelado 100 g
36.5,ajo,carrefour,https://www.carrefour.es/?q=ajo&page=2,Ajo pelado 100 g
8.3,ajo,carrefour,https://www.carrefour.es/?q=ajo&page=2,Ajo pelado 100 g
5.8,ajo,carrefour,https://www.carrefour.es/?q=ajo&page=3,Ajo pelado 100 g
4.7,ajo,carrefour,https://www.carrefour.es/?q=ajo&page=3,Ajo pelado 100 g
4.98,ajo,carrefour,https://www.carrefour.es/?q=ajo&page=3,Ajo pelado 100 g
9.8,ajo,carrefour,https://www.carrefour.es/?q=ajo&page=3,Ajo pelado 100 g
8.33,ajo,carrefour,https://www.carrefour.es/?q=ajo&page=3,Ajo pelado 100 g
28.2,ajo,carrefour,https://www.carrefour.es/?q=ajo&page=3,Ajo pelado 100 g
15.93,ajo,carrefour,https://www.carrefour.es/?q=ajo&page=3,Ajo pelado 100 g
6.83,ajo,carrefour,https://www.carrefour.es/?q=ajo&page=3,Ajo pelado 100 g
7.11,ajo,carrefour,https://www.carrefour.es/?q=ajo&page=3,Ajo pelado 100 g
28.17,ajo,carrefour,https://www.carrefour.es/?q=ajo&page=3,Ajo pelado 100 g
33.0,ajo,carrefour,https://www.carrefour.es/?q=ajo&page=3,Ajo pelado 100 g
13.9,ajo,carrefour,https://www.carrefour.es/?q=ajo&page=3,Ajo pelado 100 g
1.36,ajo,carrefour,https://www.carrefour.es/?q=ajo&page=3,Ajo pelado 100 g
46.94,ajo,carrefour,https://www.carrefour.es/?q=ajo&page=3,Ajo pelado 100 g
18.9,ajo,carrefour,https://www.carrefour.es/?q=ajo&page=3,Ajo pelado 100 g
83.17,ajo,carrefour,https://www.carrefour.es/?q=ajo&page=3,Ajo pelado 100 g
7.98,ajo,carrefour,https://www.carrefour.es/?q=ajo&page=3,Ajo pelado 100 g
18.9,ajo,carrefour,https://www.carrefour.es/?q=ajo&page=3,Ajo pelado 100 g
13.97,ajo,carrefour,https://www.carrefour.es/?q=ajo&page=3,Ajo pelado 100 g
39.8,ajo,carrefour,https://www.carrefour.es/?q=ajo&page=3,Ajo pelado 100 g
1.15,ajo,carrefour,https://www.carrefour.es/?q=ajo&page=3,Ajo pelado 100 g
0.59,ajo,carrefour,https://www.carrefour.es/?q=ajo&page=3,Ajo pelado 100 g
0.99,ajo,carrefour,https://www.carrefour.es/?q=ajo&page=3,Ajo pelado 100 g
2.7,ajo,carrefour,https://www.carrefour.es/?q=ajo&page=3,Ajo pelado 100 g
3.38,ajo,carrefour,https://www.carrefour.es/?q=ajo&page=3,Ajo pelado 100 g
0.96,ajo,carrefour,https://www.carrefour.es/?q=ajo&page=3,Ajo pelado 100 g
6.36,ajo,carrefour,https://www.carrefour.es/?q=ajo&page=3,Ajo pelado 100 g
5.31,ajo,carrefour,https://www.carrefour.es/?q=ajo&page=3,Ajo pelado 100 g
14.14,ajo,carrefour,https://www.carrefour.es/?q=ajo&page=3,Ajo pelado 100 g
3.81,ajo,carrefour,https://www.carrefour.es/?q=ajo&page=3,Ajo pelado 100 g
36.5,ajo,carrefour,https://www.carrefour.es/?q=ajo&page=3,Ajo pelado 100 g
8.3,ajo,carrefour,https://www.carrefour.es/?q=ajo&page=3,Ajo pelado 100 g
6.54,esparrago,carrefour,https://www.carrefour.es/?q=esparrago&page=3,Espárragos blancos de Navarra muy gruesos Carrefour 325 g
12.93,esparrago,carrefour,https://www.carrefour.es/?q=esparrago&page=3,Espárragos blancos de Navarra muy gruesos Carrefour 325 g
10.63,esparrago,carrefour,https://www.carrefour.es/?q=esparrago&page=3,Espárragos blancos de Navarra muy gruesos Carrefour 325 g
11.36,esparrago,carrefour,https://www.carrefour.es/?q=esparrago&page=3,Espárragos blancos de Navarra muy gruesos Carrefour 325 g
11.53,esparrago,carrefour,https://www.carrefour.es/?q=esparrago&page=3,Espárragos blancos de Navarra muy gruesos Carrefour 325 g
15.0,esparrago,carrefour,https://www.carrefour.es/?q=esparrago&page=3,Espárragos blancos de Navarra muy gruesos Carrefour 325 g
25.0,esparrago,carrefour,https://www.carrefour.es/?q=esparrago&page=3,Espárragos blancos de Navarra muy gruesos Carrefour 325 g
18.49,esparrago,carrefour,https://www.carrefour.es/?q=esparrago&page=3,Espárragos blancos de Navarra muy gruesos Carrefour 325 g
15.85,esparrago,carrefour,https://www.carrefour.es/?q=esparrago&page=3,Espárragos blancos de Navarra muy gruesos Carrefour 325 g
24.9,esparrago,carrefour,https://www.carrefour.es/?q=esparrago&page=3,Espárragos blancos de Navarra muy gruesos Carrefour 325 g
21.8,esparrago,carrefour,https://www.carrefour.es/?q=esparrago&page=3,Espárragos blancos de Navarra muy gruesos Carrefour 325 g
16.89,esparrago,carrefour,https://www.carrefour.es/?q=esparrago&page=3,Espárragos blancos de Navarra muy gruesos Carrefour 325 g
12.46,esparrago,carrefour,https://www.carrefour.es/?q=esparrago&page=3,Espárragos blancos de Navarra muy gruesos Carrefour 325 g
22.32,esparrago,carrefour,https://www.carrefour.es/?q=esparrago&page=3,Espárragos blancos de Navarra muy gruesos Carrefour 325 g
23.86,esparrago,carrefour,https://www.carrefour.es/?q=esparrago&page=3,Espárragos blancos de Navarra muy gruesos Carrefour 325 g
13.9,esparrago,carrefour,https://www.carrefour.es/?q=esparrago&page=3,Espárragos blancos de Navarra muy gruesos Carrefour 325 g
29.11,esparrago,carrefour,https://www.carrefour.es/?q=esparrago&page=3,Espárragos blancos de Navarra muy gruesos Carrefour 325 g
16.89,esparrago,carrefour,https://www.carrefour.es/?q=esparrago&page=3,Espárragos blancos de Navarra muy gruesos Carrefour 325 g
41.57,esparrago,carrefour,https://www.carrefour.es/?q=esparrago&page=3,Espárragos blancos de Navarra muy gruesos Carrefour 325 g
16.76,esparrago,carrefour,https://www.carrefour.es/?q=esparrago&page=3,Espárragos blancos de Navarra muy gruesos Carrefour 325 g
28.86,esparrago,carrefour,https://www.carrefour.es/?q=esparrago&page=3,Espárragos blancos de Navarra muy gruesos Carrefour 325 g
21.86,esparrago,carrefour,https://www.carrefour.es/?q=esparrago&page=3,Espárragos blancos de Navarra muy gruesos Carrefour 325 g
21.95,esparrago,carrefour,https://www.carrefour.es/?q=esparrago&page=3,Espárragos blancos de Navarra muy gruesos Carrefour 325 g
26.8,esparrago,carrefour,https://www.carrefour.es/?q=esparrago&page=3,Espárragos blancos de Navarra muy gruesos Carrefour 325 g
38.14,esparrago,carrefour,https://www.carrefour.es/?q=esparrago&page=3,Espárragos blancos de Navarra muy gruesos Carrefour 325 g
26.2,esparrago,carrefour,https://www.carrefour.es/?q=esparrago&page=3,Espárragos blancos de Navarra muy gruesos Carrefour 325 g
7.36,esparrago,carrefour,https://www.carrefour.es/?q=esparrago&page=3,Espárragos blancos de Navarra muy gruesos Carrefour 325 g
27.92,esparrago,carrefour,https://www.carrefour.es/?q=esparrago&page=3,Espárragos blancos de Navarra muy gruesos Carrefour 325 g
